{
    "L1_RING_EXIT": {
        "lon_start": 82.903738,
        "lat_start": 55.04656,
        "lon_end": 82.903338,
        "lat_end": 55.046685
    },
    "L2_A_RING_TO_PED": {
        "lon_start": 82.903338,
        "lat_start": 55.046685,
        "lon_end": 82.902648,
        "lat_end": 55.047136
    },
    "L2_PED_SIGNAL": {
        "lon_start": 82.902648,
        "lat_start": 55.047136,
        "lon_end": 82.902462,
        "lat_end": 55.047328
    },
    "L2_B_PED_TO_I3": {
        "lon_start": 82.902462,
        "lat_start": 55.047328,
        "lon_end": 82.896459,
        "lat_end": 55.052318
    },
    "L3_I3_APPROACH": {
        "lon_start": 82.896459,
        "lat_start": 55.052318,
        "lon_end": 82.89609,
        "lat_end": 55.052758
    },
    "L4_A_I3_TO_PED": {
        "lon_start": 82.895607,
        "lat_start": 55.052559,
        "lon_end": 82.896095,
        "lat_end": 55.05223
    },
    "L4_PED_SIGNAL": {
        "lon_start": 82.896095,
        "lat_start": 55.05223,
        "lon_end": 82.896302,
        "lat_end": 55.052074
    },
    "L4_B_PED_TO_RING": {
        "lon_start": 82.896302,
        "lat_start": 55.052074,
        "lon_end": 82.902955,
        "lat_end": 55.046658
    },
    "L5_RING_ENTRY": {
        "lon_start": 82.902955,
        "lat_start": 55.046658,
        "lon_end": 82.902962,
        "lat_end": 55.046277
    },
    "L_RING_CIRCULATION": {
        "lon_start": 82.902962,
        "lat_start": 55.046277,
        "lon_end": 82.903738,
        "lat_end": 55.04656
    }
}